Picturepark ID,BasicInformation.filename,BasicInformation.category.filenameCode,ObjectInformation.objects.objectId
014fd44e8f7145eba7978933d1acdbe7,kw1d_0012922_2021-11-23_s-001-dw.jpg,1,12922
0206e1d75bcc4543865807664abdd952,kw1a_0029889_2014-06-17_s-003-dw.jpg,1,29889
029c64eb85c34ad08cafa3afa7b9a8ab,kw1a_0035303_2014-04-01_s-003-dw.jpg,1,35303
02f52279bf75459e92aca4629216b27d,kw1a_0049107_2023-12-20_s-001-dw.jpg,1,49107
04cee80541fd4b5fa731cf4c1b55538e,kw1a_0028413_2023-02-28_s-001-dw.jpg,1,28413
05f436b5db1447778919e97ba60c51a5,kw1a_0029883_2014-05-02_s-003-dw.jpg,1,29883
062ccb6526414912b12f8623443bff1a,kw2a_0047136_2022-12-14_s-001-dw.jpg,?,47136
06c6d08d620a45c4970cac6a087c6a03,kw1a_0040067_2017-07-25_s-001-dw.jpg,1,40067
075582dd435d41aa91985b22a79bce18,kw1a_0082884_2023-12-20_s-001-dw.jpg,1,82884
07ae41e7753e4155ada2c1e926cd2ba4,kw1a_0048488_2023-08-09_s-002-dw-ra.jpg,1,48488
07aff8a45c664ca1aeb0413f04c0adb8,kw1a_0029874_2023-08-09_s-002-dw-ra.jpg,1,29874
0824a45e36ba4f8ebd49a2c1e9d228ef,kw1a_0017287_2014-04-01_s-001-dw.jpg,1,17287
089d6125b675494898821379cefab865,kw2a_0036218_2014-06-04_s-002-dw.jpg,2,36218
08ce3e30474341d7af617c7191d07028,kw1a_0029889_2014-06-17_s-001-dw.jpg,1,29889
08e48cc38c694d45bd93707c75e7cb47,kw1a_0074833_2024-06-12_s-001-dw.jpg,1,74833
09864907795e4837bb9c14b2ada3926e,kw1a_0077014_2023-11-01_s-001-dw.jpg,1,77014
09cc0582492746a389db0ff8a1710c4b,kw1a_0032288_2023-03-02_s-001-dw.jpg,1,32288
0aed0391464442eeaa55e845e9184462,kw1a_0029882_2014-05-02_s-003-dw.jpg,1,29882
0dec6d6bb1494d74aaa2f1f8f22072cc,kw1a_0044639_2023-10-04_s-002-dw.jpg,1,44639
0e28a8e495144c8a818eb018fe96ea7e,kw1a_0036225_2014-06-05_s-001-dw.jpg,1,36225
0eb92e1c38404314829209ffb49abae5,kw1a_0036221_2014-06-04_s-003-dw.jpg,1,36221
0f8ccd4da2a14d4a936f29f8325a3d7a,kw2a_0029883_2014-05-02_s-002-dw.jpg,2,29883
0fb43bb611f747f098be1ae6954b6597,kw1a_0073882_2024-03-20_s-001-dw.jpg,1,73882
10d2bf7d31874e0598e1df026e23cd4f,kw1a_0048619_2023-12-20_s-002-dw.jpg,1,48619
11cd2e130eb44df290e2f0e0c44ca11c,kw1a_0052849_2023-07-19_s-001-dw.jpg,1,52849
11f5f20f73414aedb2ea45333fa6c861,kw2a_0043569_2024-07-17_s-002-dw.jpg,?,43569
12645d7b539e4ce59db1a4255416d6b7,kw2a_0026174_2022-12-07_s-002-dw.jpg,?,26174
128a12d1fa4f442b9258b9d6106d90d4,kw1a_0085879_2024-03-20_s-001-dw.jpg,1,85879
12f82a100d04473aa24bf8658a0dd11f,kw1a_0043073_2023-05-10_s-001-dw.jpg,1,43073
13c35aa426e74b7aa773f807a69ff51e,kw1a_0036443_2014-07-17_s-001-dw.jpg,1,36443
13eecd8ac7d640248b6d08e40d7dda61,kw1a_0048876_2023-12-20_s-001-dw.jpg,1,48876
147f74fb64ce4a5a829e104af22c059f,kw2a_0019479_2023-08-08_s-002-dw-ra.jpg,2,19479
1696be70cbe645ecb04d3fbf2430e9c3,kw1a_0073930_2024-03-20_s-002-dw.jpg,1,73930
1737a1542baa4e3485bd723dc1626be9,kw1a_0073920_2024-07-17_s-001-dw.jpg,1,73920
17af8c651777469895775692e331238a,kw1a_0052849_2021-12-09_s-001-dw.jpg,1,52849
180b24cabc654f4dab7edcf2ff5419ab,kw1a_0073943_2024-06-12_s-001-dw.jpg,1,73943
1853969073604e5a999f944302dc21dd,kw1a_0048877_2023-11-23_s-002-dw-ra.jpg,1,48877
18c286304b274aa095a63e4c9ee6436b,kw2a_0036426_2014-07-09_s-002-dw.jpg,2,36426
18f3f2c9fd294c47996f88c29405d52c,kw2a_0022521_2014-05-06_s-002-dw.jpg,2,22521
194d8736db5949a4bfbe5d583af73804,kw1a_0047347_2020-02-07_s-002-dw.jpg,1,47347
19f39d33838341deafcf2b860b88fa64,kw1a_0047217_2023-12-20_s-001-dw.jpg,1,47217
1a1243223e514cb1ab1e02c6301a1db7,kw1a_0029880_2014-06-17_s-003-dw.jpg,1,29880
1ab7aca94d5744299efb130b44557429,kw1a_0074845_2024-06-12_s-004-dw.jpg,1,74845
1b20f15b94cb4379b98722b3b3baa71a,kw1a_0073918_2024-03-20_s-001-dw.jpg,1,73918
1b666c868536464dadd6f1c9687ef9a4,kw1a_0049709_2023-11-01_s-003-dw.jpg,1,49709
1bbf1bdc147e46298fabd6ed58f92469,kw1a_0073885_2024-07-17_s-002-dw.jpg,1,73885
1d91bcc983094d7093e09ef127e380ba,kw1a_0047750_2023-06-07_s-001-dw.jpg,1,47750
1e0ce248e5784869ae4389549a829d87,kw1a_0073885_2024-07-17_s-001-dw.jpg,1,73885
1e39335abedc45ccb9f75590c3fb4476,kw1a_0070943_2023-10-04_s-002-dw-ra.jpg,1,70943
1ec9d383da06497098d766d560012f3f,kw1a_0073920_2024-07-17_s-004-dw.jpg,1,73920
1f035afdcdd54fc5b4165589fa68e554,kw2a_0035624_2017-01-31_s-001-dw.jpg,2,35624
1fd0b7681350469c8382da18beede134,kw1a_0045051_2023-06-07_s-002-dw.jpg,1,45051
206643039f8e4e3b87b0fb5672f411b7,kw1a_0049560_2023-12-20_s-001-dw.jpg,1,49560
2147dd8e06704384bdc7c32866691603,kw1a_0073930_2024-03-20_s-001-dw.jpg,1,73930
21814eff7b3b44588c0e49d1f4f08e29,kw1a_0033229_2023-11-01_s-001-dw-ra.jpg,1,33229
224bc31d2ab848949fe2b59a3c271977,kw1a_0029669_2024-02-15_s-001-dw-ra.jpg,1,29669
22b214556d4c41378296e7952eeee60c,kw2a_0024524_2023-06-26_s-001-dw.jpg,2,24524
22bb14d1a7514e56a574cec30e242649,kw1a_0045051_2023-06-07_s-001-dw.jpg,1,45051
22d39d1cfc7740edb9268691d9e003f2,kw1a_0017230_2023-10-04_s-002-dw-ra.jpg,1,17230
230e18c1c13a4cceb849ab39535c1a36,kw1a_0024621_2008-08-14_s-001-dw.jpg,1,24621
2313def7d0a64bde8ad349bbf38ec28a,kw1a_0036226_2014-06-04_s-001-dw.jpg,1,36226
248b56c01242495a95ce837a971243fe,kw1a_0036218_2014-06-04_s-001-dw.jpg,1,36218
24dc0add756849f28670e135478f7062,kw1a_0047338_2020-02-07_s-001-dw.jpg,1,47338
25bacc83412f47babc15a289c92d34a1,kw1a_0077014_2023-11-01_s-002-dw.jpg,1,77014
266e98c2a3b1401b8892697c0e929e08,kw2a_0035666_2017-01-31_s-003-dw.jpg,2,35666
26ba346a51bc40aebc8c1efb79688912,kw2a_0029874_2014-06-17_s-002-dw.jpg,2,29874
2814e6ecd1854f1bbc6642c0bd6747b6,kw1a_0021984_2023-10-04_s-001-dw-ra.jpg,1,21984
298fcdcd8144446d8b3176d12f537ecf,kw1a_0036226_2014-06-04_s-003-dw.jpg,1,36226
2d88d105a1aa42c3a4b7b1666fb397f6,kw1a_0017566_2023-10-04_s-003-dw-ra.jpg,1,17566
2ea0d30a749b436398b78917c7aab022,kw1a_0036219_2023-10-04_s-002-dw-ra.jpg,1,36219
2ed96c983e5c4404a8bf87228bb76da2,kw1a_0036442_2014-07-17_s-003-dw.jpg,1,36442
3122c33acb1c44b5a765ff8979e1d492,kw2a_0036226_2014-06-04_s-002-dw.jpg,2,36226
31765c4476324b17878c1353f690d4d7,kw1a_0036430_2014-07-17_s-001-dw.jpg,1,36430
3338ddcb07be4db38e1dde0faa7176e1,kw1a_0075868_2024-03-20_s-001-dw.jpg,1,75868
33b1b5ae0ba242b1a76cdc3e1c94ecba,kw1a_0044639_2023-10-04_s-001-dw.jpg,1,44639
340cc9b446e145d792408cb41142f48c,kw1a_0049216_2023-12-20_s-001-dw.jpg,1,49216
353f3e2b901c4534a914fc2976af29cb,kw1a_0028415_2023-10-04_s-003-dw.jpg,1,28415
361a749f6cb8451190169839efe2892c,kw1a_0029874_2014-06-17_s-003-dw.jpg,1,29874
3816ee67786c4fe786f303dd9460d091,kw2a_0046058_2023-07-19_s-001-dw.jpg,2,46058
38a5c233eabf4e5884fe6ebdcdd7cea6,kw1a_0047751_2023-06-07_s-001-dw.jpg,1,47751
38ad19b8bc87409f9a11cc944393882f,kw1a_0029885_2014-05-06_s-003-dw.jpg,1,29885
398ad1721d2a4bc79d3e791c258805e7,kw1a_0022521_2014-05-06_s-003-dw.jpg,1,22521
39f6f8f0b4d34c22b99c482ed9f74694,kw1a_0052470_2023-11-23_s-005-dw-ra.jpg,1,52470
3a99e87e310544cca903d6c44fd6c9e4,kw1a_0074831_2024-03-20_s-002-dw.jpg,1,74831
3bb294e9e1c543c99f563f666f9fadea,kw1a_0029889_2023-08-08_s-001-dw-ra.jpg,1,29889
3bf47a878a844adc8bf0186f19b5973e,kw2a_0017287_2014-06-26_s-002-dw.jpg,2,17287
3c3ce3706b324ffa841e29390c2a0b27,kw1a_0043281_2023-02-28_s-001-dw.jpg,1,43281
3d0ebcfa07584154be7ffcb28de6041d,kw1a_0047360_2020-02-07_s-002-dw.jpg,1,47360
3d5883ff00dc4c98994f2dd6441f4a0b,kw1a_0085879_2024-03-20_s-002-dw.jpg,1,85879
3d7610749b10439ba7afd14dfc332b4a,kw1a_0047494_2020-02-07_s-001-dw.jpg,1,47494
3fda17afc3d7425ea3756b878e4211a2,kw2a_0029880_2014-06-17_s-002-dw.jpg,2,29880
4152f2cf95a9411ea32c7317b23c6db0,kw1a_0036429_2023-08-08_s-001-dw-ra.jpg,1,36429
42322f2ddf9045f4ab4b799425267124,kw1a_0047360_2020-02-07_s-001-dw.jpg,1,47360
4279408d4dee4842956b63eb3cb8faa5,kw1a_0043301_2023-05-10_s-002-dw.jpg,1,43301
43920f02647c49a783b78e5760700810,kw1a_0049002_2023-11-01_s-002-dw.jpg,1,49002
44311934efc64d00a48f8f48ed1afe25,kw1a_0047799_2023-06-07_s-003-dw.jpg,1,47799
4576048ed92e40919996b5407ed7f405,kw1a_0033352_2021-11-30_s-001-dw.jpg,1,33352
4648b311035640d0909ff5070cc3957e,kw1a_0024344_2014-07-17_s-003-dw.jpg,1,24344
48d8e7d2ce314bc3a7240eb7444f8def,kw1a_0036431_2014-07-17_s-003-dw.jpg,1,36431
48edb1be06bd4debbbd49617b08b51d4,kw1a_0052849_2023-07-19_s-002-dw.jpg,1,52849
4b3aa390e2624edd872c83554af769a0,kw1a_0054036_2024-02-15_s-002-dw-ra.jpg,1,54036
4bda8f9bc8ba4a159a5aabccdb0b1d00,kw1a_0074845_2024-06-12_s-002-dw.jpg,1,74845
4c04110ad39945568ce24f0df6119272,kw1a_0052470_2023-11-23_s-003-dw-ra.jpg,1,52470
4c537033994143b29997c857a463160a,kw1a_0026502_2023-07-19_s-003-dw.jpg,1,26502
4ccd0d981f4d4ec19bb6a5f965e2b967,kw1a_0036229_2014-06-05_s-003-dw.jpg,1,36229
4d01cb677d314c01986cf309796bf3c6,kw1a_0036442_2014-07-17_s-001-dw.jpg,1,36442
4eb175aca1d8402e93d9e29f0611d7d2,kw1a_0049215_2023-12-20_s-001-dw.jpg,1,49215
4eb55dac0b6447f2ac13adf14599b114,kw1a_0077024_2024-03-20_s-001-dw.jpg,1,77024
4f450ed288a541c187ba85d3529f5ad0,kw1a_0019478_2023-08-09_s-002-dw-ra.jpg,1,19478
4f6f42095b7b4acea4855a8d9005e7bb,kw1a_0031906_2023-04-26_s-001-dw.jpg,1,31906
4f76752eac9245a2981fc50c89b538c8,kw1a_0049559_2023-12-20_s-002-dw.jpg,1,49559
50dcb44d1aec48f4a31d0c15fea6577f,kw1a_0029537_2023-10-04_s-002-dw.jpg,1,29537
52779701edd2461e8cf8d9b98350ff18,kw1a_0049107_2023-12-20_s-002-dw.jpg,1,49107
5290827339104380a762b098d30ff0e6,kw1a_0029874_2023-08-09_s-001-dw-ra.jpg,1,29874
531bfc6cbc944b4294d069ba338d4995,kw1a_0073918_2024-03-20_s-003-dw.jpg,1,73918
543637ce24f041268c8bbb82ab178292,kw1a_0033228_2023-11-01_s-002-dw-ra.jpg,1,33228
548a2a9b68944264bb76bc28c9404a94,kw1a_0054035_2023-11-01_s-003-dw.jpg,1,54035
54c4a91ea92c4e7aafbba7ed8ad0318a,kw2a_0029885_2014-05-06_s-002-dw.jpg,2,29885
56321aa4694c49c2a2cc30fbe70ecf1d,kw1a_0047376_2023-04-26_s-001-dw.jpg,1,47376
56a0b5a5396b41fca1431c82b1d34d99,kw1a_0039808_2023-07-19_s-002-dw.jpg,1,39808
576313ae727a4765a40ab97c995f8680,kw2a_0035888_2014-03-28_s-002-dw.jpg,2,35888
577d2246a41648bc8baada9a5d2b9eec,kw2a_0052849_2023-07-19_s-003-dw.jpg,2,52849|18437
5794521d7c2f4a8a900905a850abd56d,kw1a_0029882_2014-05-02_s-001-dw.jpg,1,29882
58f38d8a17914f1c9faa5427ce842995,kw2a_0026174_2022-12-07_s-004-dw.jpg,2,26174
5a560bfa9a144131bb0ab50471154cd7,kw1a_0049740_2023-11-23_s-004-dw.jpg,1,49740
5ac39c1b9d1542bfa04cfc6b5455f21d,kw1a_0075867_2024-04-18_s-002-dw.jpg,1,75867
5b6d7693867d467ba188cf8087f016c2,kw1a_0047330_2020-02-07_s-002-dw.jpg,1,47330
5c336ca463994e6d939216a0756e5d6d,kw1a_0036429_2023-08-08_s-003-dw-ra.jpg,1,36429
5cfa471ae0854deb81c94713d9dbaefa,kw1a_0073889_2024-04-18_s-001-dw.jpg,1,73889
5e94eb4b77cc46d6ac235e2c9495aead,kw1a_0043285_2023-06-07_s-002-dw.jpg,1,43285
5f1a5072fb6e489593b75dbaf88a2d62,kw1a_0019478_2023-08-09_s-003-dw-ra.jpg,1,19478
5f252d88ac6a4065b4a04566fbd8ce7a,kw1a_0054035_2023-11-01_s-001-dw.jpg,1,54035
5f4fd1b9d276425294e2d54fcfb6d493,kw1a_0049002_2023-11-01_s-001-dw.jpg,1,49002
5f629196a11e47dcaf5fb37e96978d47,kw2a_0036223_2014-06-05_s-002-dw.jpg,2,36223
5fa9896822f749de9b4ae8edbc32d08d,kw1a_0029879_2014-06-17_s-001-dw.jpg,1,29879
5fd3bf5c87104dc6b9206c0c8731d86a,kw1a_0032288_2023-03-02_s-002-dw.jpg,1,32288
60703dc0ac4e4f51b4a3b2e617b89657,kw1a_0017287_2023-08-08_s-002-dw-ra.jpg,1,17287
619738309fa44dff82da12f75a5b9068,kw1a_0049709_2023-11-01_s-002-dw.jpg,1,49709
61ae7e25bd3f42beb887cfb412d1ed1b,kw1a_0043287_2023-03-02_s-001-dw.jpg,1,43287
65180c0c06d84243ac517ffbe41a9a0a,kw1a_0073919_2024-04-18_s-001-dw.jpg,1,73919
66817c2f74be474e8c29682ab54ab5f9,kw1a_0042372_2018-07-03_s-001-dw.jpg,1,42372
67a4f3a456764aecababaec3e2862dfa,kw1a_0047217_2023-12-20_s-002-dw.jpg,1,47217
68136359d06c4557bfd217ae7f98a415,kw1a_0028415_2023-10-04_s-002-dw.jpg,1,28415
6826aacce6b14ed980b8ca5bee3bbb5e,kw2a_0024346_2014-04-22_s-002-dw.tif,2,24346
68790cc5907242a9a45850099e0d7d64,kw1a_0036433_2014-07-17_s-003-dw.jpg,1,36433
69cc8483e5ec4727bf3ef6afcffd659a,kw2a_0045048_2023-04-26_s-002-dw.jpg,2,45048
6a3acf0fe281468bb5633864e5c36814,kw2a_0029069_2014-05-02_s-002-dw.jpg,2,29069
6ab26edc91d84b9a8dbf0a843576f0cf,kw1a_0036430_2014-07-17_s-003-dw.jpg,1,36430
6aee3bd653b445fca3e847534c1c5e98,kw1a_0045050_2023-03-02_s-001-dw.jpg,1,45050
6b138a84217d4c749db06305d9829e7f,kw1a_0070943_2023-10-04_s-001-dw-ra.jpg,1,70943
6b2c3441de18402b90346152b5788022,kw1a_0045051_2023-06-07_s-003-dw.jpg,1,45051
6bced99c79384ae9a7d11d6876fde245,kw2a_0036423_2014-07-09_s-002-dw.jpg,2,36423
6bf8ec19d1954dd6b2f58bd96d2fc53f,kw2a_0018437_2023-07-19_s-003-dw.jpg,2,18437|52849
6c9d534395b240729a59b4fc1f8f9bea,kw1a_0054239_2022-02-07_s-001-dw.jpg,1,54239
6cd8b108632c459fa12eb8f4b4fe2a1e,kw1a_0049560_2023-12-20_s-002-dw.jpg,1,49560
6d7bcd59571649679303029d4f5db608,kw1a_0047750_2023-06-07_s-002-dw.jpg,1,47750
6e0537d3c8da4a818c5604046959e833,kw1a_0047373_2023-01-26_s-002-dw.jpg,1,47373
6e115aacf3cc493891c0404310fe577c,kw1a_0024654_2008-08-14_s-002-dw.jpg,1,24654
6e140cecaded4db1959579dae8e69340,kw1a_0049214_2024-03-20_s-001-dw.jpg,1,49214
6eb3fdb4e7b84fac9ced75af7063cb69,kw2d_0052849_2021-12-09_s-002-dw.jpg,2,52849
72543fae081d4226a67fa834bd4c0d3c,kw1a_0048338_2023-11-01_s-002-dw.jpg,1,48338
72609fd754ab4f9f8b70e027ba53e487,kw1a_0036220_2014-06-04_s-003-dw.jpg,1,36220
72cad4945e8a4ee0aab346279e6a3e45,kw2a_0023348_2014-04-01_s-003-dw.jpg,2,23348
7306c427aed34d0ea82ff4ad417d4f66,kw1a_0085877_2024-06-12_s-001-dw.jpg,1,85877
73c15b05fe96400a993a4c3e463ee85f,kw1a_0049216_2023-12-20_s-002-dw.jpg,1,49216
745fd9b110ff40e98f2851a923de1f79,kw1a_0080855_2023-11-23_s-002-dw.jpg,1,80855
75aa1dc70f03405386ac2549aef17964,kw1a_0029069_2014-05-02_s-001-dw.jpg,1,29069
75aa27c330084dc0ba5840502a4e6b98,kw1a_0036426_2014-07-03_s-001-dw.jpg,1,36426
75e68110729a456e8d2106ae823a7025,kw1a_0036432_2014-07-17_s-003-dw.jpg,1,36432
769f59cfe7b74f8faa788dab28af3c9f,kw1a_0031906_2023-04-26_s-003-dw.jpg,1,31906
76bcb46987a9471ebbbf3c8e724688cb,kw2a_0026174_2022-12-07_s-003-dw.jpg,2,26174
77cee785e351497780ecf399eabf64da,kw1a_0036429_2023-08-08_s-002-dw-ra.jpg,1,36429
77f6c6bbc2d74ce28453ca146fea8ab1,kw1a_0048610_2023-01-26_s-001-dw.jpg,1,48610
7810c696db3b4cf29860a9db78a1f977,kw1a_0074833_2024-06-12_s-002-dw.jpg,1,74833
792952ae411e43e09a25daeaafc9878c,kw1a_0047494_2020-02-07_s-002-dw.jpg,1,47494
793c09caa2514490a950b9b27d25c8ae,kw1a_0035888_2014-04-01_s-003-dw.jpg,1,35888
7a64bd38e210491d8245402d11ae9b6a,kw1a_0075868_2024-03-20_s-002-dw.jpg,1,75868
7a8fe65f4d39466abff53e6cd114f988,kw1a_0054036_2024-02-15_s-001-dw-ra.jpg,1,54036
7ab963a959ec4eb18edc656eee84bf6a,kw2a_0035886_2014-04-01_s-002-dw.jpg,2,35886
7b4888e4ad004d9ab856a9a054903422,kw2a_0048609_2023-03-02_s-003-dw.jpg,2,48609
7b4fb91548a340d69abbc491e89c027f,kw1a_0077024_2024-03-20_s-002-dw.jpg,1,77024
7d5de629732b4729942fd39ce119c70c,kw2a_0031906_2023-04-26_s-004-dw.jpg,2,31906
7de3e6ffadef474882a22eb1738ffe23,kw1a_0022857_2021-11-23_s-001-dw.jpg,1,22857
7e9ea6d57879451796bd8b6f824e8f8c,kw1a_0048609_2023-03-02_s-001-dw.jpg,1,48609
7f63ffc19f624150b78b75bd3c3f85f5,kw1a_0074845_2024-06-12_s-001-dw.jpg,1,74845
802520ac562b452eaa9b3fa834b9b142,kw1a_0030865_2014-07-03_s-001-dw.jpg,1,30865
815b8706b40b4578a66133c8dce0f2f1,kw2a_0029669_2024-02-15_s-003-dw.jpg,2,29669
81c16c5e9bce402b9545bf47258313ca,kw1a_0054039_2023-11-23_s-001-dw-ra.jpg,1,54039
81cd0ebe3a1c4c6f9384b02fb81f0605,kw2a_0036220_2014-06-04_s-002-dw.jpg,2,36220
82032bad37804a78a305cafd6a394379,kw1a_0035888_2014-03-28_s-001-dw.jpg,1,35888
8280b6d230bc4c72b71c52de1bc40994,kw1a_0073884_2024-07-17_s-002-dw.jpg,1,73884
82c64fb2e3b2485f905a940f5ca1e505,kw1a_0073882_2024-03-20_s-002-dw.jpg,1,73882
82fd94cfb7a7400da54e3eda672e47dd,kw1a_0049215_2023-12-20_s-002-dw.jpg,1,49215
8372a7c6fadb4aec8d63fbde62176906,kw1a_0048488_2023-08-09_s-001-dw-ra.jpg,1,48488
8384403056364b4bbb3e1de591189926,kw1a_0047347_2020-02-07_s-001-dw.jpg,1,47347
840283e0595a46f894f58f3569aab8e4,kw2a_0036431_2014-07-17_s-001-dw.jpg,2,36431
84a7e82f655d48f78ee3927b6acdbd85,kw1a_0049559_2023-12-20_s-001-dw.jpg,1,49559
84fa08948c9e44c098a534f3dbec604f,kw2a_0029882_2014-05-02_s-002-dw.jpg,2,29882
861eea53cd1c4d869ef11ca41268cf8c,kw1a_0073884_2024-07-17_s-001-dw.jpg,1,73884
86f342679e294eb29406d7a6af6811e8,kw1a_0047335_2020-02-07_s-001-dw.jpg,1,47335
873a19dc00804376b5a987c7f9e16d8d,kw1a_0073919_2024-04-18_s-004-dw.jpg,1,73919
8746378753ca40009826e4283b1f1650,kw1a_0024631_2008-08-14_s-001-dw.jpg,1,24631
87a79121ce6d4383a7132e4e66362db1,kw2a_0036433_2014-07-17_s-002-dw.jpg,2,36433
880f3c449764450da0fdfd338dd7cf46,kw1a_0054039_2023-11-23_s-004-dw-ra.jpg,1,54039
8918a0e7e1e044df8f05167432bbc4e0,kw2a_0044639_2023-10-04_s-003-dw.jpg,2,44639
89b41fb7cce1455fa6bba492c59e2942,kw1a_0036429_2014-07-17_s-001-dw.jpg,1,36429
89e199ff36c34d25a74ec9eccdf5c63e,kw1a_0090886_2024-07-17_s-002-dw.jpg,1,90886
8a394e716e034b3c822b20950279bf26,kw1a_0036225_2014-06-05_s-003-dw.jpg,1,36225
8a4bb241a5f64b3ba2ecbb22d6ce4817,kw2a_0035303_2014-04-01_s-002-dw.jpg,2,35303
8a85d615fbe64a9ca423861ce94c6dee,kw2a_0036221_2014-06-04_s-002-dw.jpg,2,36221
8a9cb5769c3649f2bd867c648d9a7ca2,kw2a_0030865_2014-07-09_s-002-dw.jpg,2,30865
8b6467950cee4b8695fb46fe25ec321c,kw2a_0022237_2017-03-23_s-001-dw.jpg,2,22237
8babd5adac574d179ef10da1e1d0d940,kw2a_0029889_2023-08-08_s-002-dw-ra.jpg,2,29889
8c3545b7c3314c348a9098bfa7366e7a,kw1a_0021984_2023-10-04_s-002-dw-ra.jpg,1,21984
8d4cc1fa62b146e5975a06ba73948c4c,kw1a_0049056_2023-10-04_s-002-dw.jpg,1,49056
8d6d7a8a118d4560997b7b4401315725,kw1a_0047335_2020-02-07_s-002-dw.jpg,1,47335
8ef4d125b98d42a69881d4c63433e1eb,kw1a_0090886_2024-07-17_s-003-dw.jpg,1,90886
8f211e92bab14d5385b1752d1b5568e8,kw1a_0029669_2024-02-15_s-002-dw-ra.jpg,1,29669
8f2eefc5b1dd47dea6e2396fb20cc40a,kw1a_0073943_2024-06-12_s-003-dw.jpg,1,73943
8f7c0ea1ce3f4cdaafed854841d79f62,kw2a_0029888_2014-06-17_s-002-dw.jpg,2,29888
8f9d37bc8a3d45ba88f3e5ab2afde896,kw1a_0033229_2023-11-01_s-002-dw-ra.jpg,1,33229
8fa14d770fb344f78f853046940ef6c7,kw2a_0019479_2014-05-23_s-002-dw.jpg,2,19479
8fd0e7515f604fd3bf4ffbe077b5b0a5,kw1a_0080855_2023-11-23_s-001-dw.jpg,1,80855
8ffcdc9cdef54b099c220d70cb7028b0,kw1a_0048876_2023-12-20_s-002-dw.jpg,1,48876
901cdb4c1c5941afbd140a3cefb79cd7,kw1a_0073943_2024-06-12_s-002-dw.jpg,1,73943
905542d98a7d42f8955d47954a1a8bbd,kw1a_0047580_2023-01-25_s-002-dw.jpg,1,47580
93571d2a61cc4af0b62844b20073967d,kw1a_0043569_2024-07-17_s-001-dw.jpg,1,43569
935a56ec22ad4073a7167495605f8e62,kw2a_0036442_2014-07-17_s-002-dw.jpg,2,36442
94307d8bd4754430977ee11e1c6510bd,kw1a_0047654_2023-10-04_s-002-dw.jpg,1,47654
944f9e4bc0b6470284f0db56d527b407,kw1a_0036426_2014-07-09_s-003-dw.jpg,1,36426
94b98d3b7a654ed0a2ed2eef24b62ff1,kw1a_0024619_2008-08-14_s-001-dw.jpg,1,24619
94e0bd658ea14fbcad228bff30826756,kw1a_0019479_2014-05-23_s-003-dw.jpg,1,19479
952c6ec829aa43a4b32a4287a2ff47f8,kw1a_0017566_2023-10-04_s-001-dw-ra.jpg,1,17566
956351b99ee1405fb9780f5c71c44c22,kw1a_0017287_2023-08-08_s-003-dw-ra.jpg,1,17287
96c605b7227e4517aefbe9c28a164b3c,kw2a_0021970_2017-07-25_s-001-dw.jpg,2,21970
9760959e8d264734a63fe9ea037f371e,kw1a_0049056_2023-10-04_s-001-dw.jpg,1,49056
9914a40249874bd591ea45024a3961df,kw1a_0037116_2023-01-26_s-001-dw.jpg,1,37116
9b62fa0290c2494fa4eb22f785c56706,kw1a_0057037_2023-10-23_s-001-dw.jpg,1,57037
9be1735117704c32be1530f19d920cf2,kw2a_0029874_2014-06-17_s-004-dw.jpg,2,29874
9be180873e2245d48870a4a8cbb21e4c,kw1a_0043073_2023-05-10_s-002-dw.jpg,1,43073
9cab364c46cd4eb29eddee2f74a51051,kw1a_0073878_2024-06-12_s-001-dw.jpg,1,73878
9d89542233fa4b5785367b355006f25a,kw2a_0036431_2014-07-17_s-002-dw.jpg,2,36431
a011cce71ec74cc3a19d07b06112cced,kw1a_0085877_2024-06-12_s-002-dw.jpg,1,85877
a0519b1112584e09bacb17b465373bb2,kw1a_0073919_2024-04-18_s-002-dw.jpg,1,73919
a16a80937a67478ab4d0ee3dd8a3b7d4,kw1a_0019479_2023-08-08_s-001-dw-ra.jpg,1,19479
a1b1d22fc16941d19ae90133e855bd8c,kw1a_0048619_2023-12-20_s-001-dw.jpg,1,48619
a412a4d01aec45eb9e667756f7690bcd,kw1a_0049740_2023-11-23_s-002-dw.jpg,1,49740
a4b60f0e55e641ea8bf20cc67423f6bb,kw1a_0090886_2024-07-17_s-001-dw.jpg,1,90886
a4e01acd3afa438991df071498911fe9,kw1a_0035886_2014-04-01_s-001-dw.jpg,1,35886
a89017d6ed234f5fae0a911579c2611f,kw1a_0052470_2023-11-23_s-002-dw-ra.jpg,1,52470
a931ad42459b4aee8b3391ba318936fa,kw1a_0030865_2014-07-09_s-003-dw.jpg,1,30865
a9553fa9f7664ed4ba0eb6987bcf88a4,kw1a_0012026_2023-10-04_s-002-dw-ra.jpg,1,12026
aa92399e5d83492e9b78cb7a8fa0104c,kw1a_0029888_2014-06-17_s-003-dw.jpg,1,29888
ac1640a7ea66427faed05371136a56ee,kw1a_0038305_2023-04-26_s-001-dw.jpg,1,38305
ad34b7af066c4b6cb9b39979148d979d,kw1a_0035303_2014-04-01_s-001-dw.jpg,1,35303
ae02938321274c41b59dabbdece07250,kw1a_0043570_2024-07-17_s-001-dw.jpg,1,43570
aeaff359650d4d22af3469d7081c351d,kw1a_0036229_2014-06-05_s-001-dw.jpg,1,36229
af290ae545f343188459b80bd30f515e,kw1a_0036218_2014-06-04_s-003-dw.jpg,1,36218
b07aba00676a4e49b32d2933630e0487,kw1a_0036221_2014-06-04_s-001-dw.jpg,1,36221
b10a034d947b44379161bffcdf0b4b1e,kw1a_0049632_2023-12-20_s-002-dw.jpg,1,49632
b1b2b17c6e96403daecf10c370ff1cd8,kw1a_0043286_2023-05-10_s-002-dw.jpg,1,43286
b1d1519d2e5347ce926353bdae65be05,kw1a_0048338_2023-11-01_s-001-dw.jpg,1,48338
b1ef911a038845ae9e5fe8efa20d0e63,kw1a_0024625_2008-08-14_s-001-dw.jpg,1,24625
b2529d539a06408f8c89600fe5aac125,kw1a_0023936_2020-01-21_s-001-dw.jpg,1,23936
b379b1a3e7ac4156bb12061c4ebd8f80,kw1a_0047330_2020-02-07_s-001-dw.jpg,1,47330
b3e6ea4730524cbd906f0aca187bf206,kw1a_0043285_2023-06-07_s-001-dw.jpg,1,43285
b3f20fd6ecc7434a88b1b85afdb7848b,kw1a_0040065_2017-07-25_s-001-dw.jpg,1,40065
b5340efe7c7d42adafcb5080345a77ac,kw1a_0075867_2024-04-18_s-001-dw.jpg,1,75867
b535c086be1443d18927e1d3dce072a3,kw1a_0049211_2023-01-25_s-002-dw.jpg,1,49211
b66c921a03234908acbbe900f9fd222a,kw1a_0036423_2014-07-09_s-003-dw.jpg,1,36423
b6901b4832e449dc99d2bfa0cf5c3971,kw1a_0077022_2024-06-12_s-002-dw.jpg,1,77022
b6ea7270758a4159aebc8b126a23ce9c,kw1a_0048619_2023-12-20_s-003-dw.jpg,1,48619
b7e98874179748049de4997c92ad1519,kw1a_0047751_2023-06-07_s-002-dw.jpg,1,47751
b7efee56e84749b6b7a0daaee64e5a5e,kw1a_0073935_2024-07-17_s-001-dw.jpg,1,73935
b825bea8bb17408e81cf1c2f75e5bc54,kw2a_0023348_2014-04-01_s-002-dw.jpg,2,23348
b858775d5f0c4d26a5b5818f5d3c37ae,kw1a_0088862_2024-06-12_s-001-dw.jpg,1,88862
b88569e526d846f9b07789711c8b98dc,kw1a_0049740_2023-11-23_s-003-dw-ra.jpg,1,49740
b95540f2ec2d43edbfb29a91e2304ec6,kw2a_0024344_2014-07-17_s-002-dw.jpg,2,24344
b9d0442f5c49459382c6ad68dbe9b732,kw1a_0036220_2014-06-04_s-001-dw.jpg,1,36220
ba14746110154f96bbcc520ba2767d7b,kw1a_0012027_2023-08-09_s-001-dw-ra.jpg,1,12027
bb1d3928e67e4adc85612270a95d3ce7,kw1a_0017230_2023-10-04_s-001-dw-ra.jpg,1,17230
bd6da14322c74a69b7d56959c41670a4,kw1a_0077833_2024-06-12_s-001-dw.jpg,1,77833
be4279b0a30a463b8cd57e9484954015,kw1a_0012026_2023-10-04_s-001-dw-ra.jpg,1,12026
bfa83930004740e1bea9f4ea1fa257c7,kw1a_0075865_2024-04-18_s-002-dw.jpg,1,75865
bfecff4b739648329771566270163f63,kw1a_0019479_2014-05-22_s-001-dw.jpg,1,19479
c08495a217f24e84a57ff05b26f73d65,kw1a_0029879_2014-06-17_s-003-dw.jpg,1,29879
c132d1568979484f9206d93e88981f0a,kw1a_0024617_2008-08-14_s-001-dw.jpg,1,24617
c1382e28085a40d5854e5ee2f98379f7,kw1a_0046058_2023-07-19_s-002-dw.jpg,1,46058
c282c982554b4472aca810dd62645972,kw1a_0047357_2020-02-07_s-001-dw.jpg,1,47357
c3556112be8c4a9fba58257a70b6f0e5,kw1a_0043301_2023-05-10_s-001-dw.jpg,1,43301
c3e2828155b8412283c025ff8148d37f,kw1a_0042540_2020-04-24_s-001-dw.jpg,1,42540
c744b048f1d144f5b2af05f6ed503cd1,kw1a_0029069_2014-05-02_s-003-dw.jpg,1,29069
c76574d07fba437ca6ac8a3d8bdda66a,kw1a_0032287_2023-03-02_s-001-dw.jpg,1,32287
c7795b53a10148f3888305ef2e6d72b1,kw2a_0036229_2014-06-05_s-002-dw.jpg,2,36229
c7814cec78fc4733ba8074308c53cfc6,kw1a_0043286_2023-05-10_s-001-dw.jpg,1,43286
c7dd78829cfd4ef993138076d28789e4,kw1a_0073918_2024-03-20_s-002-dw.jpg,1,73918
c824b8d8216243acad6d1a07ef797c81,kw1a_0074845_2024-06-12_s-003-dw.jpg,1,74845
c8ecd7254bc149248b597dec85d7d242,kw1a_0017566_2023-10-04_s-002-dw-ra.jpg,1,17566
c947ce97f99a4fd7aa0981f7b94a89e5,kw1a_0077015_2023-11-01_s-002-dw.jpg,1,77015
c9b9715f414740cfb80240be4b3757b7,kw2a_0029879_2014-06-17_s-002-dw.jpg,2,29879
c9f621439ecb4e609bc755f6392b8285,kw1a_0024628_2008-08-14_s-001-dw.jpg,1,24628
cafbe0b45b854171bf46ed8df010129b,kw1a_0077022_2024-06-12_s-001-dw.jpg,1,77022
cb450d06add744d9aa0d22ad7e33c93b,kw1a_0073893_2024-07-17_s-001-dw.jpg,1,73893
cc1ee9c5d0a5496e8f2692e534c8f875,kw1a_0073943_2024-06-12_s-004-dw.jpg,1,73943
cc7197fde68145e1aa43ae00429a9a36,kw1a_0017565_2023-02-28_s-001-dw.jpg,1,17565
ccca748d570c4bec89367978ba403410,kw2a_0023348_2014-04-01_s-001-dw.jpg,2,23348
cd0351e60a904f0e8a14be67d2856944,kw1a_0024620_2008-08-14_s-001-dw.jpg,1,24620
cd1a9c4669534d0d9719993da8b7c161,kw1a_0045051_2023-06-07_s-004-dw.jpg,1,45051
cd3bae65de884e93bf51a3aca814246a,kw1a_0017287_2014-06-26_s-003-dw.jpg,1,17287
ceb2c35d670a44a69d9b019a76a30187,kw2a_0026174_2022-12-07_s-002-dw.jpg,2,26174
cec0e23b54b448438270024d81e233cd,kw1a_0028415_2023-10-04_s-001-dw.jpg,1,28415
cedb3b8eaf8642bdb3d09b75214e2c70,kw1a_0054039_2023-11-23_s-003-dw-ra.jpg,1,54039
d17b5246953b49d6b3d5bcbd69ff1af4,kw1a_0036443_2014-07-17_s-002-dw.jpg,1,36443
d20edc5202234436987e507475dc5b17,kw1a_0057037_2023-10-23_s-003-dw.jpg,1,57037
d2aa3e9036be4b21816ba89852eb884e,kw1a_0036432_2014-07-17_s-001-dw.jpg,1,36432
d32a3d3540414efe9f1e8ea4af2d03ca,kw1a_0054039_2023-11-23_s-002-dw-ra.jpg,1,54039
d4c5b24b2f744645baf467c6e50d31bf,kw1a_0045048_2023-04-26_s-001-dw.jpg,1,45048
d5397e1a0b1242bf950f7864edc3ac5e,kw1a_0077015_2023-11-01_s-001-dw.jpg,1,77015
d542f6df4e3e40269f461abf65ba78a2,kw1a_0049632_2023-12-20_s-001-dw.jpg,1,49632
d563b4ce9e6c4925915e865d37142c79,kw1a_0033228_2023-11-01_s-003-dw-ra.jpg,1,33228
d5a8aad82c4143dcb561a39afb64653d,kw1a_0042372_2018-07-03_s-002-dw.jpg,1,42372
d65a91a5d6784329b944929a995e7b04,kw1a_0024626_2008-08-14_s-001-dw.jpg,1,24626
d68e7fe9dce94726be39d0c7fca8ffb5,kw1a_0022844_2021-10-06_s-001-dw.jpg,1,22844
d6ccc88b1da84b57b275f1835c946cf7,kw2a_0029889_2014-06-17_s-002-dw.jpg,2,29889
d6d1da13f3f64478a09e09af61f8c5aa,kw1a_0024344_2014-07-17_s-001-dw.jpg,1,24344
d6eb7e8538ed475fa89eb2199b8d5748,kw1a_0029888_2014-06-17_s-001-dw.jpg,1,29888
d77b8cfe7b40412a89314e50bc264c10,kw1a_0048878_2023-10-04_s-001-dw.jpg,1,48878
d789139ba55640a792264e55915610e2,kw1a_0024622_2008-08-14_s-001-dw.jpg,1,24622
d7c8e910408240f0a24ad2947ba53153,kw1a_0029880_2023-08-09_s-001-dw-ra.jpg,1,29880
d7d6a192940c4b22a1924e8d5bf2742d,kw1a_0017287_2023-08-08_s-001-dw-ra.jpg,1,17287
d7ec8c3b295c456e9934ef44cb398026,kw2a_0036225_2014-06-05_s-002-dw.jpg,2,36225
d8308a85788c4c78b5f815e27bba0a44,kw1a_0024618_2008-08-14_s-001-dw.jpg,1,24618
d8792c29b4e04713b9c27144cc4fdbbb,kw1a_0074831_2024-03-20_s-001-dw.jpg,1,74831
d8985906412543d981e07c72d599b985,kw2a_0036432_2014-07-17_s-002-dw.jpg,2,36432
d8a64f24fbda44a1afcd357e5d1b6dee,kw1a_0077833_2024-06-12_s-002-dw.jpg,1,77833
d8c91c20c7264a1da15e1c86a099b9f2,kw1a_0073894_2024-07-17_s-001-dw.jpg,1,73894
d98dc71c43b44405b86817fcbe66e9f7,kw1a_0073878_2024-06-12_s-002-dw.jpg,1,73878
dab395abd4f7427e85f1a426d6e4c8c1,kw2a_0022839_2021-10-06_s-001-dw.jpg,2,22839
dd042e25ea3a4cd2877f6711fda5d90f,kw1a_0074830_2024-03-20_s-001-dw.jpg,1,74830
dd22f0bd71954f598d15a97a47e51149,kw1a_0036443_2014-07-17_s-003-dw.jpg,1,36443
de2e6565a868427e82bb60ecc34f4d6c,kw1a_0048878_2023-10-04_s-002-dw.jpg,1,48878
de3f8c2603164d70bfe5ae8ed81f1599,kw1a_0047136_2022-12-14_s-002-dw.jpg,1,47136
de539f2ebf5a4d56aca44581cfa2d59e,kw2a_0052470_2023-11-23_s-004-dw-ra.jpg,2,52470
e0c9580bf67b4384bbb34be085c53581,kw1a_0073920_2024-07-17_s-002-dw.jpg,1,73920
e0e95498cc1b4f8ea007501f9e359bc6,kw1a_0073919_2024-04-18_s-003-dw.jpg,1,73919
e0fd7b7fbefd432da1c4ada55761277b,kw1a_0018437_2021-11-30_s-001-dw.jpg,1,18437
e14116448ffc436a824dcb39ce892ec1,kw1a_0024346_2023-08-08_s-003-dw-ra.jpg,1,24346
e2a20a8d6ebc4c2dacb8cf5a7f5b5339,kw1a_0024624_2008-08-14_s-001-dw.jpg,1,24624
e2e3775fc53246e28536fae22a364412,kw1a_0018437_2023-07-19_s-002-dw.jpg,1,18437
e3e45d0641c64447b7029b457f57e9e8,kw1a_0073889_2024-04-18_s-002-dw.jpg,1,73889
e3e939baf81f4d3899cdf5fe7999010e,kw1a_0047799_2023-06-07_s-001-dw.jpg,1,47799
e42aae9f97554b85a83e6281cf11116f,kw1a_0019478_2023-08-09_s-001-dw-ra.jpg,1,19478
e4492651db854d038a947c10eb92cdb2,kw1a_0075865_2024-04-18_s-001-dw.jpg,1,75865
e44bf8fe2a6d4f9f99b96343f5b8279e,kw1a_0047580_2023-01-25_s-001-dw.jpg,1,47580
e52e95c42a234992aa9583c5bc511c2b,kw2a_0026174_2022-12-07_s-001-dw.jpg,2,26174
e569d765cba34616b6c7293eaf801a88,kw1a_0033228_2023-11-01_s-001-dw-ra.jpg,1,33228
e5960b6070824258a1f2039bd7afafe3,kw1a_0019478_2023-08-09_s-004-dw-ra.jpg,1,19478
e64229da5e1b48ea973e88ff2188ee60,kw1a_0047654_2023-10-04_s-001-dw.jpg,1,47654
e695d7cbe01242deb6eefb5d43fe9953,kw1a_0040068_2017-07-25_s-001-dw.jpg,1,40068
e6ba1cc939ec448ca937fedb4e962b69,kw1a_0048877_2023-11-23_s-001-dw-ra.jpg,1,48877
e7735ec55e2646799e20ce3a0520e8ff,kw1a_0048609_2023-03-02_s-002-dw.jpg,1,48609
e88d5ce530024cf4a7d54aa0c9288dbf,kw1a_0073918_2024-03-20_s-004-dw.jpg,1,73918
e8eb9bded86b43d1b44b02caefba65e0,kw1a_0073893_2024-07-17_s-002-dw.jpg,1,73893
e9228847cc644b2bab23cb4fde895875,kw1a_0057037_2023-10-23_s-002-dw.jpg,1,57037
e92553bc906c4bfe86a9824c8ecaa0db,kw1a_0029537_2023-10-04_s-001-dw.jpg,1,29537
e92864bb6b574ea19d51117373dd811c,kw1a_0026502_2023-07-19_s-002-dw.jpg,1,26502
e937b08db62649c3904ce5f91233550b,kw1a_0047357_2020-02-07_s-002-dw.jpg,1,47357
e96d520bef414d8fa4f0f9e2f7a1128f,kw1a_0043570_2024-07-17_s-002-dw.jpg,1,43570
e9cb0e264f8b497c9a7e1c8dfea056b6,kw2a_0036430_2014-07-17_s-002-dw.jpg,2,36430
ea0448872c024da798fcacfc770f7d71,kw2a_0029880_2014-06-17_s-001-dw.jpg,2,29880
ea6beb36c8c94cd492e63ad9cc1db6a6,kw1a_0026502_2023-07-19_s-001-dw.jpg,1,26502
ea90c601c2e847928a5dafe636104eef,kw1a_0047799_2023-06-07_s-002-dw.jpg,1,47799
eca3680b48d24b8d876bc32f0abcc4d7,kw1a_0036422_2023-10-04_s-001-dw-ra.jpg,1,36422
ecfb8f7f11e1496a83c4321cc4051ce8,kw1a_0036433_2014-07-17_s-001-dw.jpg,1,36433
ed189dc5493c4b55babab7227ad7d376,kw1a_0074830_2024-03-20_s-002-dw.jpg,1,74830
ee1b9fc6197540c5bf18f04792f522a2,kw1a_0088862_2024-06-12_s-002-dw.jpg,1,88862
ee36b264b90d473e9329f94e2d1153f9,kw1a_0054035_2023-11-01_s-002-dw.jpg,1,54035
f0a44851da22452984b941a0708dc619,kw1a_0029885_2014-05-06_s-001-dw.jpg,1,29885
f0ae52bca4f4406892a2db55150df322,kw1a_0047338_2020-02-07_s-002-dw.jpg,1,47338
f11bd697a67d43f7b53da6330a20fa0a,kw1a_0082884_2023-12-20_s-002-dw.jpg,1,82884
f1ddfce196d642aea7f57b24abb23a39,kw1a_0052470_2023-11-23_s-001-dw-ra.jpg,1,52470
f1fe4adb38f741308e66c7b77ffeea9e,kw1a_0049740_2023-11-23_s-001-dw-ra.jpg,1,49740
f381adcb9abb4870b051e8457ba40d0d,kw1a_0018437_2023-07-19_s-001-dw.jpg,1,18437
f3831aa27aac48d796c2b433bc692a99,kw1a_0073920_2024-07-17_s-003-dw.jpg,1,73920
f3c55816b0a947c8bf73d6d8bc95a94f,kw1a_0024346_2023-08-08_s-001-dw-ra.jpg,1,24346
f3cf058f18ca42169ac8083276b375ec,kw2a_0031906_2023-04-26_s-002-dw.jpg,2,31906
f414c04f1d7344f0ab1f1d3aaedeb979,kw1a_0029883_2014-05-02_s-001-dw.jpg,1,29883
f4758694da814b1ea897cf695da5c0b7,kw1a_0036223_2014-06-05_s-003-dw.jpg,1,36223
f52a8d77b04a49d4833646011afcf664,kw1a_0024524_2023-06-26_s-002-dw.jpg,1,24524
f5fef77b0fc34f37a53ef0f0176209fe,kw1a_0035886_2014-04-01_s-003-dw.jpg,1,35886
f653aeebef684b5aba360245e4cc9324,kw1a_0036223_2014-06-05_s-001-dw.jpg,1,36223
f673aa071da04bbdb48841520deb01d2,kw1a_0036219_2023-10-04_s-001-dw-ra.jpg,1,36219
f6d0257234444554906fee752fc3726e,kw1a_0028413_2023-02-28_s-002-dw.jpg,1,28413
f86c5dc97db441ec9081e3f1895893ac,kw1a_0042540_2020-04-24_s-001-dw.jpg,1,42540
f9a389b6605c4b46b60fcb0026167460,kw1a_0049214_2024-03-20_s-002-dw.jpg,1,49214
fae005b2bb494befa9c0a805ec79d3df,kw1a_0047373_2023-01-26_s-001-dw.jpg,1,47373
fb1e8193ac79449a9c66b37fd271544f,kw1a_0022521_2014-05-06_s-001-dw.jpg,1,22521
fb3d91e0272f4d2886d0ca3ba975f00c,kw1a_0024623_2008-08-14_s-001-dw.jpg,1,24623
fb504615388847b687177f90abbc6994,kw1a_0073894_2024-07-17_s-002-dw.jpg,1,73894
fbed6e673651418984737857ab813713,kw1a_0017287_2023-08-08_s-004-dw-ra.jpg,1,17287
fc4569e0690b41639507f9af5b4a350b,kw1a_0049709_2023-11-01_s-001-dw.jpg,1,49709
fd1d9ab9ffd94164b67c4570c93b6e93,kw1a_0039808_2023-07-19_s-001-dw.jpg,1,39808
fe95d14164e84327b2f47d7701c103d8,kw2a_0073918_2024-03-20_s-005-dw.jpg,2,73918
ff8646f354cf4062839e3fc0b90a60b8,kw1a_0040069_2017-07-25_s-001-dw.jpg,1,40069
ff8663a86bba4e888779b8b9fbde4695,kw1a_0036423_2014-07-03_s-001-dw.jpg,1,36423
ffbb6f5137424ccb831e143b1a10175b,kw2a_0026199_2017-03-23_s-001-dw.jpg,2,26199
